<application>
  <component name="com.intellij.ide.ui.customization.CustomActionsSchema">
    <group value="Images.ConvertSvgToPng" is_action="true" action_type="-1" position="58">
      <path value="root" />
      <path value="Project View Popup Menu" />
      <option name="myInitialPosition" value="-1" />
    </group>
    <group value="Images.EditExternally" is_action="true" action_type="-1" position="57">
      <path value="root" />
      <path value="Project View Popup Menu" />
      <option name="myInitialPosition" value="-1" />
    </group>
    <group value="JupyterShutdownNotebookAction" is_action="true" action_type="-1" position="56">
      <path value="root" />
      <path value="Project View Popup Menu" />
      <option name="myInitialPosition" value="-1" />
    </group>
    <group value="CompileCoffeeScript" is_action="true" action_type="-1" position="55">
      <path value="root" />
      <path value="Project View Popup Menu" />
      <option name="myInitialPosition" value="-1" />
    </group>
    <group value="TslintImportCodeStyleAction" is_action="true" action_type="-1" position="54">
      <path value="root" />
      <path value="Project View Popup Menu" />
      <option name="myInitialPosition" value="-1" />
    </group>
    <group value="AddSourcesContentToSourceMap" is_action="true" action_type="-1" position="53">
      <path value="root" />
      <path value="Project View Popup Menu" />
      <option name="myInitialPosition" value="-1" />
    </group>
    <group value="VisualizeSourceMap" is_action="true" action_type="-1" position="52">
      <path value="root" />
      <path value="Project View Popup Menu" />
      <option name="myInitialPosition" value="-1" />
    </group>
    <group value="InstallNodeLocalDependencies" is_action="true" action_type="-1" position="51">
      <path value="root" />
      <path value="Project View Popup Menu" />
      <option name="myInitialPosition" value="-1" />
    </group>
    <group value="EslintImportCodeStyle" is_action="true" action_type="-1" position="50">
      <path value="root" />
      <path value="Project View Popup Menu" />
      <option name="myInitialPosition" value="-1" />
    </group>
    <group value="Javascript.Linters.StandardJS.Fix" is_action="true" action_type="-1" position="49">
      <path value="root" />
      <path value="Project View Popup Menu" />
      <option name="myInitialPosition" value="-1" />
    </group>
    <group value="TsLintFileFixAction" is_action="true" action_type="-1" position="48">
      <path value="root" />
      <path value="Project View Popup Menu" />
      <option name="myInitialPosition" value="-1" />
    </group>
    <group value="Javascript.Linters.EsLint.Fix" is_action="true" action_type="-1" position="47">
      <path value="root" />
      <path value="Project View Popup Menu" />
      <option name="myInitialPosition" value="-1" />
    </group>
    <group value="JS.TypeScript.Include.Generated.Declarations" is_action="true" action_type="-1" position="46">
      <path value="root" />
      <path value="Project View Popup Menu" />
      <option name="myInitialPosition" value="-1" />
    </group>
    <group value="TypeScript.Include.Sources" is_action="true" action_type="-1" position="45">
      <path value="root" />
      <path value="Project View Popup Menu" />
      <option name="myInitialPosition" value="-1" />
    </group>
    <group value="JsonCopyPointer" is_action="true" action_type="-1" position="44">
      <path value="root" />
      <path value="Editor Popup Menu" />
      <option name="myInitialPosition" value="-1" />
    </group>
    <group value="JS.TypeScript.Compile" is_action="true" action_type="-1" position="44">
      <path value="root" />
      <path value="Project View Popup Menu" />
      <option name="myInitialPosition" value="-1" />
    </group>
    <group value="RemoveBom.Group" is_group="true" action_type="-1" position="43">
      <path value="root" />
      <path value="Editor Popup Menu" />
      <option name="myInitialPosition" value="-1" />
    </group>
    <group value="ShowJsbtTasks" is_group="true" action_type="-1" position="43">
      <path value="root" />
      <path value="Project View Popup Menu" />
      <option name="myInitialPosition" value="-1" />
    </group>
    <group value="ChangeTemplateDataLanguage" is_action="true" action_type="-1" position="42">
      <path value="root" />
      <path value="Editor Popup Menu" />
      <option name="myInitialPosition" value="-1" />
    </group>
    <group value="puppet.install.dependencies" is_action="true" action_type="-1" position="42">
      <path value="root" />
      <path value="Project View Popup Menu" />
      <option name="myInitialPosition" value="-1" />
    </group>
    <group value="CompileCoffeeScript" is_action="true" action_type="-1" position="41">
      <path value="root" />
      <path value="Editor Popup Menu" />
      <option name="myInitialPosition" value="-1" />
    </group>
    <group value="Github.Create.Gist" is_action="true" action_type="-1" position="41">
      <path value="root" />
      <path value="Project View Popup Menu" />
      <option name="myInitialPosition" value="-1" />
    </group>
    <group value="TslintImportCodeStyleAction" is_action="true" action_type="-1" position="40">
      <path value="root" />
      <path value="Editor Popup Menu" />
      <option name="myInitialPosition" value="-1" />
    </group>
    <group value="UML.Group" is_group="true" action_type="-1" position="40">
      <path value="root" />
      <path value="Project View Popup Menu" />
      <option name="myInitialPosition" value="-1" />
    </group>
    <group value="AddSourcesContentToSourceMap" is_action="true" action_type="-1" position="39">
      <path value="root" />
      <path value="Editor Popup Menu" />
      <option name="myInitialPosition" value="-1" />
    </group>
    <group value="CombinePropertiesFilesAction" is_action="true" action_type="-1" position="39">
      <path value="root" />
      <path value="Project View Popup Menu" />
      <option name="myInitialPosition" value="-1" />
    </group>
    <group value="VisualizeSourceMap" is_action="true" action_type="-1" position="38">
      <path value="root" />
      <path value="Editor Popup Menu" />
      <option name="myInitialPosition" value="-1" />
    </group>
    <group value="DissociateResourceBundleAction" is_action="true" action_type="-1" position="38">
      <path value="root" />
      <path value="Project View Popup Menu" />
      <option name="myInitialPosition" value="-1" />
    </group>
    <group value="InstallNodeLocalDependencies" is_action="true" action_type="-1" position="37">
      <path value="root" />
      <path value="Editor Popup Menu" />
      <option name="myInitialPosition" value="-1" />
    </group>
    <group value="UpdateCopyright" is_action="true" action_type="-1" position="37">
      <path value="root" />
      <path value="Project View Popup Menu" />
      <option name="myInitialPosition" value="-1" />
    </group>
    <group value="EslintImportCodeStyle" is_action="true" action_type="-1" position="36">
      <path value="root" />
      <path value="Editor Popup Menu" />
      <option name="myInitialPosition" value="-1" />
    </group>
    <group value="Images.SetBackgroundImage" is_action="true" action_type="-1" position="36">
      <path value="root" />
      <path value="Project View Popup Menu" />
      <option name="myInitialPosition" value="-1" />
    </group>
    <group value="Javascript.Linters.StandardJS.Fix" is_action="true" action_type="-1" position="35">
      <path value="root" />
      <path value="Editor Popup Menu" />
      <option name="myInitialPosition" value="-1" />
    </group>
    <group value="XmlGenerateToolsGroup" is_group="true" action_type="-1" position="35">
      <path value="root" />
      <path value="Project View Popup Menu" />
      <option name="myInitialPosition" value="-1" />
    </group>
    <group value="TsLintFileFixAction" is_action="true" action_type="-1" position="34">
      <path value="root" />
      <path value="Editor Popup Menu" />
      <option name="myInitialPosition" value="-1" />
    </group>
    <group value="RemoveBom.Group" is_group="true" action_type="-1" position="34">
      <path value="root" />
      <path value="Project View Popup Menu" />
      <option name="myInitialPosition" value="-1" />
    </group>
    <group value="Javascript.Linters.EsLint.Fix" is_action="true" action_type="-1" position="33">
      <path value="root" />
      <path value="Editor Popup Menu" />
      <option name="myInitialPosition" value="-1" />
    </group>
    <group value="JS.TypeScript.Include.Generated.Declarations" is_action="true" action_type="-1" position="32">
      <path value="root" />
      <path value="Editor Popup Menu" />
      <option name="myInitialPosition" value="-1" />
    </group>
    <group seperator="true" action_type="-1" position="32">
      <path value="root" />
      <path value="Project View Popup Menu" />
      <option name="myInitialPosition" value="-1" />
    </group>
    <group value="JS.TypeScript.Compile" is_action="true" action_type="-1" position="31">
      <path value="root" />
      <path value="Editor Popup Menu" />
      <option name="myInitialPosition" value="-1" />
    </group>
    <group value="ExternalToolsGroup" is_group="true" action_type="-1" position="31">
      <path value="root" />
      <path value="Project View Popup Menu" />
      <option name="myInitialPosition" value="-1" />
    </group>
    <group value="Editor.JSLibrariesMenu" is_group="true" action_type="-1" position="30">
      <path value="root" />
      <path value="Editor Popup Menu" />
      <option name="myInitialPosition" value="-1" />
    </group>
    <group value="AddSourcesContentToSourceMap" is_action="true" action_type="-1" position="30">
      <path value="root" />
      <path value="Editor Tab Popup Menu" />
      <option name="myInitialPosition" value="-1" />
    </group>
    <group value="ShowJsbtTasks" is_group="true" action_type="-1" position="29">
      <path value="root" />
      <path value="Editor Popup Menu" />
      <option name="myInitialPosition" value="-1" />
    </group>
    <group value="VisualizeSourceMap" is_action="true" action_type="-1" position="29">
      <path value="root" />
      <path value="Editor Tab Popup Menu" />
      <option name="myInitialPosition" value="-1" />
    </group>
    <group value="CompareFileWithEditor" is_action="true" action_type="-1" position="29">
      <path value="root" />
      <path value="Project View Popup Menu" />
      <option name="myInitialPosition" value="-1" />
    </group>
    <group value="Github.Create.Gist" is_action="true" action_type="-1" position="28">
      <path value="root" />
      <path value="Editor Popup Menu" />
      <option name="myInitialPosition" value="-1" />
    </group>
    <group value="InstallNodeLocalDependencies" is_action="true" action_type="-1" position="28">
      <path value="root" />
      <path value="Editor Tab Popup Menu" />
      <option name="myInitialPosition" value="-1" />
    </group>
    <group value="CompareTwoFiles" is_action="true" action_type="-1" position="28">
      <path value="root" />
      <path value="Project View Popup Menu" />
      <option name="myInitialPosition" value="-1" />
    </group>
    <group value="UpdateCopyright" is_action="true" action_type="-1" position="28">
      <path value="root" />
      <path value="Navigation Bar Popup Menu" />
      <option name="myInitialPosition" value="-1" />
    </group>
    <group value="net.seesharpsoft.intellij.plugins.csv.actions.CsvChangeEscapeCharacterActionGroup" is_group="true" action_type="-1" position="27">
      <path value="root" />
      <path value="Editor Popup Menu" />
      <option name="myInitialPosition" value="-1" />
    </group>
    <group value="ShowJsbtTasks" is_group="true" action_type="-1" position="27">
      <path value="root" />
      <path value="Editor Tab Popup Menu" />
      <option name="myInitialPosition" value="-1" />
    </group>
    <group seperator="true" action_type="-1" position="27">
      <path value="root" />
      <path value="Project View Popup Menu" />
      <option name="myInitialPosition" value="-1" />
    </group>
    <group value="net.seesharpsoft.intellij.plugins.csv.actions.CsvChangeSeparatorActionGroup" is_group="true" action_type="-1" position="26">
      <path value="root" />
      <path value="Editor Popup Menu" />
      <option name="myInitialPosition" value="-1" />
    </group>
    <group value="Github.Create.Gist" is_action="true" action_type="-1" position="26">
      <path value="root" />
      <path value="Editor Tab Popup Menu" />
      <option name="myInitialPosition" value="-1" />
    </group>
    <group value="GoToLinkTarget" is_action="true" action_type="-1" position="26">
      <path value="root" />
      <path value="Project View Popup Menu" />
      <option name="myInitialPosition" value="-1" />
    </group>
    <group seperator="true" action_type="-1" position="26">
      <path value="root" />
      <path value="Navigation Bar Popup Menu" />
      <option name="myInitialPosition" value="-1" />
    </group>
    <group value="PublishGroupPopupMenu" is_group="true" action_type="-1" position="25">
      <path value="root" />
      <path value="Editor Popup Menu" />
      <option name="myInitialPosition" value="-1" />
    </group>
    <group value="PublishGroupPopupMenu" is_group="true" action_type="-1" position="25">
      <path value="root" />
      <path value="Editor Tab Popup Menu" />
      <option name="myInitialPosition" value="-1" />
    </group>
    <group seperator="true" action_type="-1" position="25">
      <path value="root" />
      <path value="Project View Popup Menu" />
      <option name="myInitialPosition" value="-1" />
    </group>
    <group value="ExternalToolsGroup" is_group="true" action_type="-1" position="25">
      <path value="root" />
      <path value="Navigation Bar Popup Menu" />
      <option name="myInitialPosition" value="-1" />
    </group>
    <group value="UML.EditorGroup" is_group="true" action_type="-1" position="24">
      <path value="root" />
      <path value="Editor Popup Menu" />
      <option name="myInitialPosition" value="-1" />
    </group>
    <group value="SynchronizeCurrentFile" is_action="true" action_type="-1" position="24">
      <path value="root" />
      <path value="Project View Popup Menu" />
      <option name="myInitialPosition" value="-1" />
    </group>
    <group seperator="true" action_type="-1" position="24">
      <path value="root" />
      <path value="Navigation Bar Popup Menu" />
      <option name="myInitialPosition" value="-1" />
    </group>
    <group value="UpdateCopyright" is_action="true" action_type="-1" position="23">
      <path value="root" />
      <path value="Main Menu" />
      <path value="Code" />
      <option name="myInitialPosition" value="-1" />
    </group>
    <group value="XmlGenerateToolsGroup" is_group="true" action_type="-1" position="23">
      <path value="root" />
      <path value="Editor Popup Menu" />
      <option name="myInitialPosition" value="-1" />
    </group>
    <group value="UnsplitAll" is_action="true" action_type="-1" position="23">
      <path value="root" />
      <path value="Editor Tab Popup Menu" />
      <option name="myInitialPosition" value="-1" />
    </group>
    <group value="VersionControlsGroup" is_group="true" action_type="-1" position="23">
      <path value="root" />
      <path value="Project View Popup Menu" />
      <option name="myInitialPosition" value="-1" />
    </group>
    <group value="HTTP.Request.NewFile" is_action="true" action_type="-1" position="23">
      <path value="root" />
      <path value="Project View Popup Menu" />
      <path value="New" />
      <option name="myInitialPosition" value="-1" />
    </group>
    <group value="SynchronizeCurrentFile" is_action="true" action_type="-1" position="23">
      <path value="root" />
      <path value="Navigation Bar Popup Menu" />
      <option name="myInitialPosition" value="-1" />
    </group>
    <group value="CompareClipboardWithSelection" is_action="true" action_type="-1" position="22">
      <path value="root" />
      <path value="Editor Popup Menu" />
      <option name="myInitialPosition" value="-1" />
    </group>
    <group seperator="true" action_type="-1" position="22">
      <path value="root" />
      <path value="Project View Popup Menu" />
      <option name="myInitialPosition" value="-1" />
    </group>
    <group value="&lt;anonymous-group-6&gt;" is_group="true" action_type="-1" position="22">
      <path value="root" />
      <path value="Project View Popup Menu" />
      <path value="New" />
      <option name="myInitialPosition" value="-1" />
    </group>
    <group value="VersionControlsGroup" is_group="true" action_type="-1" position="22">
      <path value="root" />
      <path value="Navigation Bar Popup Menu" />
      <option name="myInitialPosition" value="-1" />
    </group>
    <group seperator="true" action_type="-1" position="21">
      <path value="root" />
      <path value="Main Menu" />
      <path value="Code" />
      <option name="myInitialPosition" value="-1" />
    </group>
    <group value="EditCustomVmOptions" is_action="true" action_type="-1" position="21">
      <path value="root" />
      <path value="Main Menu" />
      <path value="Help" />
      <option name="myInitialPosition" value="-1" />
    </group>
    <group seperator="true" action_type="-1" position="21">
      <path value="root" />
      <path value="Editor Tab Popup Menu" />
      <option name="myInitialPosition" value="-1" />
    </group>
    <group value="ProjectViewPopupMenuRunGroup" is_group="true" action_type="-1" position="21">
      <path value="root" />
      <path value="Project View Popup Menu" />
      <option name="myInitialPosition" value="-1" />
    </group>
    <group value="Uml.NewGroup" is_group="true" action_type="-1" position="21">
      <path value="root" />
      <path value="Project View Popup Menu" />
      <path value="New" />
      <option name="myInitialPosition" value="-1" />
    </group>
    <group value="MoveLineUp" is_action="true" action_type="-1" position="20">
      <path value="root" />
      <path value="Main Menu" />
      <path value="Code" />
      <option name="myInitialPosition" value="-1" />
    </group>
    <group value="EditCustomProperties" is_action="true" action_type="-1" position="20">
      <path value="root" />
      <path value="Main Menu" />
      <path value="Help" />
      <option name="myInitialPosition" value="-1" />
    </group>
    <group value="PyExecuteCellAction" is_action="true" action_type="-1" position="20">
      <path value="root" />
      <path value="Editor Popup Menu" />
      <option name="myInitialPosition" value="-1" />
    </group>
    <group value="ReopenClosedTab" is_action="true" action_type="-1" position="20">
      <path value="root" />
      <path value="Editor Tab Popup Menu" />
      <option name="myInitialPosition" value="-1" />
    </group>
    <group seperator="true" action_type="-1" position="20">
      <path value="root" />
      <path value="Project View Popup Menu" />
      <option name="myInitialPosition" value="-1" />
    </group>
    <group value="NewXmlDescriptor" is_group="true" action_type="-1" position="20">
      <path value="root" />
      <path value="Project View Popup Menu" />
      <path value="New" />
      <option name="myInitialPosition" value="-1" />
    </group>
    <group value="PySciView" is_action="true" action_type="-1" position="19">
      <path value="root" />
      <path value="Main Menu" />
      <path value="View" />
      <option name="myInitialPosition" value="-1" />
    </group>
    <group value="MoveLineDown" is_action="true" action_type="-1" position="19">
      <path value="root" />
      <path value="Main Menu" />
      <path value="Code" />
      <option name="myInitialPosition" value="-1" />
    </group>
    <group value="performancePlugin.ShowMemoryDialogAction" is_action="true" action_type="-1" position="19">
      <path value="root" />
      <path value="Main Menu" />
      <path value="Help" />
      <option name="myInitialPosition" value="-1" />
    </group>
    <group value="ExecuteInPyConsoleAction" is_action="true" action_type="-1" position="19">
      <path value="root" />
      <path value="Editor Popup Menu" />
      <option name="myInitialPosition" value="-1" />
    </group>
    <group seperator="true" action_type="-1" position="19">
      <path value="root" />
      <path value="Editor Tab Popup Menu" />
      <option name="myInitialPosition" value="-1" />
    </group>
    <group value="CreateResourceBundle" is_action="true" action_type="-1" position="19">
      <path value="root" />
      <path value="Project View Popup Menu" />
      <path value="New" />
      <option name="myInitialPosition" value="-1" />
    </group>
    <group value="FileEditor.OpenDataEditor" is_action="true" action_type="-1" position="18">
      <path value="root" />
      <path value="Main Menu" />
      <path value="Edit" />
      <option name="myInitialPosition" value="-1" />
    </group>
    <group seperator="true" action_type="-1" position="18">
      <path value="root" />
      <path value="Main Menu" />
      <path value="View" />
      <option name="myInitialPosition" value="-1" />
    </group>
    <group value="MoveElementRight" is_action="true" action_type="-1" position="18">
      <path value="root" />
      <path value="Main Menu" />
      <path value="Code" />
      <option name="myInitialPosition" value="-1" />
    </group>
    <group value="HelpDiagnosticTools" is_group="true" action_type="-1" position="18">
      <path value="root" />
      <path value="Main Menu" />
      <path value="Help" />
      <option name="myInitialPosition" value="-1" />
    </group>
    <group value="ConfigureEditorTabs" is_action="true" action_type="-1" position="18">
      <path value="root" />
      <path value="Editor Tab Popup Menu" />
      <option name="myInitialPosition" value="-1" />
    </group>
    <group value="CreateEditorConfigFile" is_action="true" action_type="-1" position="18">
      <path value="root" />
      <path value="Project View Popup Menu" />
      <path value="New" />
      <option name="myInitialPosition" value="-1" />
    </group>
    <group value="EscapeEntities" is_action="true" action_type="-1" position="17">
      <path value="root" />
      <path value="Main Menu" />
      <path value="Edit" />
      <option name="myInitialPosition" value="-1" />
    </group>
    <group value="EditorBidiTextDirection" is_group="true" action_type="-1" position="17">
      <path value="root" />
      <path value="Main Menu" />
      <path value="View" />
      <option name="myInitialPosition" value="-1" />
    </group>
    <group value="MoveElementLeft" is_action="true" action_type="-1" position="17">
      <path value="root" />
      <path value="Main Menu" />
      <path value="Code" />
      <option name="myInitialPosition" value="-1" />
    </group>
    <group seperator="true" action_type="-1" position="17">
      <path value="root" />
      <path value="Main Menu" />
      <path value="Help" />
      <option name="myInitialPosition" value="-1" />
    </group>
    <group value="EditSourceInNewWindow" is_action="true" action_type="-1" position="17">
      <path value="root" />
      <path value="Editor Tab Popup Menu" />
      <option name="myInitialPosition" value="-1" />
    </group>
    <group value="AddToFavorites" is_group="true" action_type="-1" position="17">
      <path value="root" />
      <path value="Project View Popup Menu" />
      <option name="myInitialPosition" value="-1" />
    </group>
    <group value="NewFromTemplate" is_group="true" action_type="-1" position="17">
      <path value="root" />
      <path value="Project View Popup Menu" />
      <path value="New" />
      <option name="myInitialPosition" value="-1" />
    </group>
    <group seperator="true" action_type="-1" position="17">
      <path value="root" />
      <path value="Navigation Bar Popup Menu" />
      <option name="myInitialPosition" value="-1" />
    </group>
    <group value="EmojiAndSymbols" is_action="true" action_type="-1" position="16">
      <path value="root" />
      <path value="Main Menu" />
      <path value="Edit" />
      <option name="myInitialPosition" value="-1" />
    </group>
    <group value="MoveStatementUp" is_action="true" action_type="-1" position="16">
      <path value="root" />
      <path value="Main Menu" />
      <path value="Code" />
      <option name="myInitialPosition" value="-1" />
    </group>
    <group value="CollectZippedLogs" is_action="true" action_type="-1" position="16">
      <path value="root" />
      <path value="Main Menu" />
      <path value="Help" />
      <option name="myInitialPosition" value="-1" />
    </group>
    <group value="PinActiveEditorTab" is_action="true" action_type="-1" position="16">
      <path value="root" />
      <path value="Editor Tab Popup Menu" />
      <option name="myInitialPosition" value="-1" />
    </group>
    <group seperator="true" action_type="-1" position="16">
      <path value="root" />
      <path value="Project View Popup Menu" />
      <option name="myInitialPosition" value="-1" />
    </group>
    <group value="NewCoffeeScriptFile" is_action="true" action_type="-1" position="16">
      <path value="root" />
      <path value="Project View Popup Menu" />
      <path value="New" />
      <option name="myInitialPosition" value="-1" />
    </group>
    <group value="AddToFavorites" is_group="true" action_type="-1" position="16">
      <path value="root" />
      <path value="Navigation Bar Popup Menu" />
      <option name="myInitialPosition" value="-1" />
    </group>
    <group value="PowerSaveGroup" is_group="true" action_type="-1" position="15">
      <path value="root" />
      <path value="Main Menu" />
      <path value="File" />
      <option name="myInitialPosition" value="-1" />
    </group>
    <group seperator="true" action_type="-1" position="15">
      <path value="root" />
      <path value="Main Menu" />
      <path value="Edit" />
      <option name="myInitialPosition" value="-1" />
    </group>
    <group value="EditorToggleActions" is_group="true" action_type="-1" position="15">
      <path value="root" />
      <path value="Main Menu" />
      <path value="View" />
      <option name="myInitialPosition" value="-1" />
    </group>
    <group value="MoveStatementDown" is_action="true" action_type="-1" position="15">
      <path value="root" />
      <path value="Main Menu" />
      <path value="Code" />
      <option name="myInitialPosition" value="-1" />
    </group>
    <group value="ShowSQLLog" is_action="true" action_type="-1" position="15">
      <path value="root" />
      <path value="Main Menu" />
      <path value="Help" />
      <option name="myInitialPosition" value="-1" />
    </group>
    <group seperator="true" action_type="-1" position="15">
      <path value="root" />
      <path value="Editor Popup Menu" />
      <option name="myInitialPosition" value="-1" />
    </group>
    <group value="CleanPyc" is_action="true" action_type="-1" position="15">
      <path value="root" />
      <path value="Project View Popup Menu" />
      <option name="myInitialPosition" value="-1" />
    </group>
    <group value="NewPackageJsonFile" is_action="true" action_type="-1" position="15">
      <path value="root" />
      <path value="Project View Popup Menu" />
      <path value="New" />
      <option name="myInitialPosition" value="-1" />
    </group>
    <group value="AddToFavorites" is_group="true" action_type="-1" position="14">
      <path value="root" />
      <path value="Main Menu" />
      <path value="File" />
      <option name="myInitialPosition" value="-1" />
    </group>
    <group value="Macros" is_group="true" action_type="-1" position="14">
      <path value="root" />
      <path value="Main Menu" />
      <path value="Edit" />
      <option name="myInitialPosition" value="-1" />
    </group>
    <group value="CollapseBlock" is_action="true" action_type="-1" position="14">
      <path value="root" />
      <path value="Main Menu" />
      <path value="Code" />
      <path value="Folding" />
      <option name="myInitialPosition" value="-1" />
    </group>
    <group value="ShowLog" is_action="true" action_type="-1" position="14">
      <path value="root" />
      <path value="Main Menu" />
      <path value="Help" />
      <option name="myInitialPosition" value="-1" />
    </group>
    <group value="EditorPopupMenu3" is_group="true" action_type="-1" position="14">
      <path value="root" />
      <path value="Editor Popup Menu" />
      <option name="myInitialPosition" value="-1" />
    </group>
    <group value="CollapseBlock" is_action="true" action_type="-1" position="14">
      <path value="root" />
      <path value="Editor Popup Menu" />
      <path value="Editor Popup Menu Actions (1)" />
      <path value="EditorPopupMenu1.FindRefactor" />
      <path value="Folding" />
      <option name="myInitialPosition" value="-1" />
    </group>
    <group value="ChangeSplitOrientation" is_action="true" action_type="-1" position="14">
      <path value="root" />
      <path value="Editor Tab Popup Menu" />
      <option name="myInitialPosition" value="-1" />
    </group>
    <group value="ProjectViewPopupMenuRefactoringGroup" is_group="true" action_type="-1" position="14">
      <path value="root" />
      <path value="Project View Popup Menu" />
      <option name="myInitialPosition" value="-1" />
    </group>
    <group value="NewTypeScriptConfigFile" is_action="true" action_type="-1" position="14">
      <path value="root" />
      <path value="Project View Popup Menu" />
      <path value="New" />
      <option name="myInitialPosition" value="-1" />
    </group>
    <group value="StructuralSearchActions" is_group="true" action_type="-1" position="13">
      <path value="root" />
      <path value="Main Menu" />
      <path value="Edit" />
      <path value="Find" />
      <option name="myInitialPosition" value="-1" />
    </group>
    <group seperator="true" action_type="-1" position="13">
      <path value="root" />
      <path value="Main Menu" />
      <path value="View" />
      <option name="myInitialPosition" value="-1" />
    </group>
    <group value="CollapseSelection" is_action="true" action_type="-1" position="13">
      <path value="root" />
      <path value="Main Menu" />
      <path value="Code" />
      <path value="Folding" />
      <option name="myInitialPosition" value="-1" />
    </group>
    <group value="ProfilerActions" is_group="true" action_type="-1" position="13">
      <path value="root" />
      <path value="Main Menu" />
      <path value="Run" />
      <option name="myInitialPosition" value="-1" />
    </group>
    <group value="SendFeedback" is_action="true" action_type="-1" position="13">
      <path value="root" />
      <path value="Main Menu" />
      <path value="Help" />
      <option name="myInitialPosition" value="-1" />
    </group>
    <group value="CollapseSelection" is_action="true" action_type="-1" position="13">
      <path value="root" />
      <path value="Editor Popup Menu" />
      <path value="Editor Popup Menu Actions (1)" />
      <path value="EditorPopupMenu1.FindRefactor" />
      <path value="Folding" />
      <option name="myInitialPosition" value="-1" />
    </group>
    <group value="OpenEditorInOppositeTabGroup" is_action="true" action_type="-1" position="13">
      <path value="root" />
      <path value="Editor Tab Popup Menu" />
      <option name="myInitialPosition" value="-1" />
    </group>
    <group seperator="true" action_type="-1" position="13">
      <path value="root" />
      <path value="Project View Popup Menu" />
      <option name="myInitialPosition" value="-1" />
    </group>
    <group value="NewTypeScriptFile" is_action="true" action_type="-1" position="13">
      <path value="root" />
      <path value="Project View Popup Menu" />
      <path value="New" />
      <option name="myInitialPosition" value="-1" />
    </group>
    <group value="CompareActions" is_group="true" action_type="-1" position="12">
      <path value="root" />
      <path value="Main Menu" />
      <path value="View" />
      <option name="myInitialPosition" value="-1" />
    </group>
    <group value="CommentGroup" is_group="true" action_type="-1" position="12">
      <path value="root" />
      <path value="Main Menu" />
      <path value="Code" />
      <option name="myInitialPosition" value="-1" />
    </group>
    <group seperator="true" action_type="-1" position="12">
      <path value="root" />
      <path value="Main Menu" />
      <path value="Code" />
      <path value="Folding" />
      <option name="myInitialPosition" value="-1" />
    </group>
    <group value="RunTestGroup" is_group="true" action_type="-1" position="12">
      <path value="root" />
      <path value="Main Menu" />
      <path value="Run" />
      <option name="myInitialPosition" value="-1" />
    </group>
    <group value="ReportProblem" is_action="true" action_type="-1" position="12">
      <path value="root" />
      <path value="Main Menu" />
      <path value="Help" />
      <option name="myInitialPosition" value="-1" />
    </group>
    <group value="EditorPopupMenu2" is_group="true" action_type="-1" position="12">
      <path value="root" />
      <path value="Editor Popup Menu" />
      <option name="myInitialPosition" value="-1" />
    </group>
    <group seperator="true" action_type="-1" position="12">
      <path value="root" />
      <path value="Editor Popup Menu" />
      <path value="Editor Popup Menu Actions (1)" />
      <path value="EditorPopupMenu1.FindRefactor" />
      <path value="Folding" />
      <option name="myInitialPosition" value="-1" />
    </group>
    <group value="MoveEditorToOppositeTabGroup" is_action="true" action_type="-1" position="12">
      <path value="root" />
      <path value="Editor Tab Popup Menu" />
      <option name="myInitialPosition" value="-1" />
    </group>
    <group value="NewJavaScriptFile" is_action="true" action_type="-1" position="12">
      <path value="root" />
      <path value="Project View Popup Menu" />
      <path value="New" />
      <option name="myInitialPosition" value="-1" />
    </group>
    <group value="FileOtherSettingsGroup" is_group="true" action_type="-1" position="11">
      <path value="root" />
      <path value="Main Menu" />
      <path value="File" />
      <option name="myInitialPosition" value="-1" />
    </group>
    <group seperator="true" action_type="-1" position="11">
      <path value="root" />
      <path value="Main Menu" />
      <path value="Code" />
      <option name="myInitialPosition" value="-1" />
    </group>
    <group value="LanguageSpecificFoldingGroup" is_group="true" action_type="-1" position="11">
      <path value="root" />
      <path value="Main Menu" />
      <path value="Code" />
      <path value="Folding" />
      <option name="myInitialPosition" value="-1" />
    </group>
    <group value="DebugMainMenu" is_group="true" action_type="-1" position="11">
      <path value="root" />
      <path value="Main Menu" />
      <path value="Run" />
      <option name="myInitialPosition" value="-1" />
    </group>
    <group value="TechnicalSupport" is_action="true" action_type="-1" position="11">
      <path value="root" />
      <path value="Main Menu" />
      <path value="Help" />
      <option name="myInitialPosition" value="-1" />
    </group>
    <group seperator="true" action_type="-1" position="11">
      <path value="root" />
      <path value="Editor Popup Menu" />
      <option name="myInitialPosition" value="-1" />
    </group>
    <group value="LanguageSpecificFoldingGroup" is_group="true" action_type="-1" position="11">
      <path value="root" />
      <path value="Editor Popup Menu" />
      <path value="Editor Popup Menu Actions (1)" />
      <path value="EditorPopupMenu1.FindRefactor" />
      <path value="Folding" />
      <option name="myInitialPosition" value="-1" />
    </group>
    <group value="ShowAppliedStylesAction" is_action="true" action_type="-1" position="11">
      <path value="root" />
      <path value="Editor Popup Menu" />
      <path value="Editor Popup Menu Actions (2)" />
      <option name="myInitialPosition" value="-1" />
    </group>
    <group value="MoveTabDown" is_action="true" action_type="-1" position="11">
      <path value="root" />
      <path value="Editor Tab Popup Menu" />
      <option name="myInitialPosition" value="-1" />
    </group>
    <group value="ValidateXml" is_action="true" action_type="-1" position="11">
      <path value="root" />
      <path value="Editor Tab Popup Menu" />
      <path value="Editor Tab Popup Menu Actions (1)" />
      <option name="myInitialPosition" value="-1" />
    </group>
    <group value="NewStylesheetFile" is_action="true" action_type="-1" position="11">
      <path value="root" />
      <path value="Project View Popup Menu" />
      <path value="New" />
      <option name="myInitialPosition" value="-1" />
    </group>
    <group seperator="true" action_type="-1" position="10">
      <path value="root" />
      <path value="Main Menu" />
      <path value="Edit" />
      <path value="Find" />
      <option name="myInitialPosition" value="-1" />
    </group>
    <group value="ViewRecentActions" is_group="true" action_type="-1" position="10">
      <path value="root" />
      <path value="Main Menu" />
      <path value="View" />
      <option name="myInitialPosition" value="-1" />
    </group>
    <group seperator="true" action_type="-1" position="10">
      <path value="root" />
      <path value="Main Menu" />
      <path value="Code" />
      <path value="Folding" />
      <option name="myInitialPosition" value="-1" />
    </group>
    <group value="ShowLiveRunConfigurations" is_action="true" action_type="-1" position="10">
      <path value="root" />
      <path value="Main Menu" />
      <path value="Run" />
      <option name="myInitialPosition" value="-1" />
    </group>
    <group value="OpenProjectWindows" is_group="true" action_type="-1" position="10">
      <path value="root" />
      <path value="Main Menu" />
      <path value="Window" />
      <option name="myInitialPosition" value="-1" />
    </group>
    <group seperator="true" action_type="-1" position="10">
      <path value="root" />
      <path value="Main Menu" />
      <path value="Help" />
      <option name="myInitialPosition" value="-1" />
    </group>
    <group value="EmmetUpdateTag" is_action="true" action_type="-1" position="10">
      <path value="root" />
      <path value="Editor Popup Menu" />
      <path value="Editor Popup Menu Actions (2)" />
      <option name="myInitialPosition" value="-1" />
    </group>
    <group value="SplitHorizontally" is_action="true" action_type="-1" position="10">
      <path value="root" />
      <path value="Editor Tab Popup Menu" />
      <option name="myInitialPosition" value="-1" />
    </group>
    <group value="ExternalToolsGroup" is_group="true" action_type="-1" position="10">
      <path value="root" />
      <path value="Editor Tab Popup Menu" />
      <path value="Editor Tab Popup Menu Actions (1)" />
      <option name="myInitialPosition" value="-1" />
    </group>
    <group value="NewXml" is_group="true" action_type="-1" position="10">
      <path value="root" />
      <path value="Project View Popup Menu" />
      <path value="New" />
      <option name="myInitialPosition" value="-1" />
    </group>
    <group value="FindUsages" is_action="true" action_type="-1" position="10">
      <path value="root" />
      <path value="Navigation Bar Popup Menu" />
      <option name="myInitialPosition" value="-1" />
    </group>
    <group value="VcsGroups" is_group="true" action_type="-1" position="9">
      <path value="root" />
      <path value="Main Menu" />
      <option name="myInitialPosition" value="-1" />
    </group>
    <group value="EditorToggleColumnMode" is_action="true" action_type="-1" position="9">
      <path value="root" />
      <path value="Main Menu" />
      <path value="Edit" />
      <option name="myInitialPosition" value="-1" />
    </group>
    <group value="CopyPathFromRepositoryRootProvider" is_action="true" action_type="-1" position="9">
      <path value="root" />
      <path value="Main Menu" />
      <path value="Edit" />
      <path value="Cut/Copy/Paste Actions" />
      <option name="myInitialPosition" value="-1" />
    </group>
    <group value="FindWordAtCaret" is_action="true" action_type="-1" position="9">
      <path value="root" />
      <path value="Main Menu" />
      <path value="Edit" />
      <path value="Find" />
      <option name="myInitialPosition" value="-1" />
    </group>
    <group seperator="true" action_type="-1" position="9">
      <path value="root" />
      <path value="Main Menu" />
      <path value="View" />
      <option name="myInitialPosition" value="-1" />
    </group>
    <group seperator="true" action_type="-1" position="9">
      <path value="root" />
      <path value="Main Menu" />
      <path value="Code" />
      <option name="myInitialPosition" value="-1" />
    </group>
    <group value="ExpandAllToLevel" is_group="true" action_type="-1" position="9">
      <path value="root" />
      <path value="Main Menu" />
      <path value="Code" />
      <path value="Folding" />
      <option name="myInitialPosition" value="-1" />
    </group>
    <group value="StopBackgroundProcesses" is_action="true" action_type="-1" position="9">
      <path value="root" />
      <path value="Main Menu" />
      <path value="Run" />
      <option name="myInitialPosition" value="-1" />
    </group>
    <group seperator="true" action_type="-1" position="9">
      <path value="root" />
      <path value="Main Menu" />
      <path value="Window" />
      <option name="myInitialPosition" value="-1" />
    </group>
    <group value="ProductivityGuide" is_action="true" action_type="-1" position="9">
      <path value="root" />
      <path value="Main Menu" />
      <path value="Help" />
      <option name="myInitialPosition" value="-1" />
    </group>
    <group value="ExpandAllToLevel" is_group="true" action_type="-1" position="9">
      <path value="root" />
      <path value="Editor Popup Menu" />
      <path value="Editor Popup Menu Actions (1)" />
      <path value="EditorPopupMenu1.FindRefactor" />
      <path value="Folding" />
      <option name="myInitialPosition" value="-1" />
    </group>
    <group value="ExternalToolsGroup" is_group="true" action_type="-1" position="9">
      <path value="root" />
      <path value="Editor Popup Menu" />
      <path value="Editor Popup Menu Actions (2)" />
      <option name="myInitialPosition" value="-1" />
    </group>
    <group value="MoveTabRight" is_action="true" action_type="-1" position="9">
      <path value="root" />
      <path value="Editor Tab Popup Menu" />
      <option name="myInitialPosition" value="-1" />
    </group>
    <group seperator="true" action_type="-1" position="9">
      <path value="root" />
      <path value="Editor Tab Popup Menu" />
      <path value="Editor Tab Popup Menu Actions (1)" />
      <option name="myInitialPosition" value="-1" />
    </group>
    <group value="FindUsages" is_action="true" action_type="-1" position="9">
      <path value="root" />
      <path value="Project View Popup Menu" />
      <option name="myInitialPosition" value="-1" />
    </group>
    <group value="JupyterCreateFileAction" is_action="true" action_type="-1" position="9">
      <path value="root" />
      <path value="Project View Popup Menu" />
      <path value="New" />
      <option name="myInitialPosition" value="-1" />
    </group>
    <group value="CopyPathFromRepositoryRootProvider" is_action="true" action_type="-1" position="9">
      <path value="root" />
      <path value="Project View Popup Menu" />
      <path value="Cut/Copy/Paste Actions" />
      <option name="myInitialPosition" value="-1" />
    </group>
    <group seperator="true" action_type="-1" position="9">
      <path value="root" />
      <path value="Navigation Bar Popup Menu" />
      <option name="myInitialPosition" value="-1" />
    </group>
    <group value="ToolsMenu" is_group="true" action_type="-1" position="8">
      <path value="root" />
      <path value="Main Menu" />
      <option name="myInitialPosition" value="-1" />
    </group>
    <group value="InvalidateCaches" is_action="true" action_type="-1" position="8">
      <path value="root" />
      <path value="Main Menu" />
      <path value="File" />
      <option name="myInitialPosition" value="-1" />
    </group>
    <group value="JsonCopyPointer" is_action="true" action_type="-1" position="8">
      <path value="root" />
      <path value="Main Menu" />
      <path value="Edit" />
      <path value="Cut/Copy/Paste Actions" />
      <option name="myInitialPosition" value="-1" />
    </group>
    <group value="ShowRecentFindUsagesGroup" is_group="true" action_type="-1" position="8">
      <path value="root" />
      <path value="Main Menu" />
      <path value="Edit" />
      <path value="Find Usages" />
      <option name="myInitialPosition" value="-1" />
    </group>
    <group value="OpenInBrowserGroup" is_group="true" action_type="-1" position="8">
      <path value="root" />
      <path value="Main Menu" />
      <path value="View" />
      <option name="myInitialPosition" value="-1" />
    </group>
    <group value="Unwrap" is_action="true" action_type="-1" position="8">
      <path value="root" />
      <path value="Main Menu" />
      <path value="Code" />
      <option name="myInitialPosition" value="-1" />
    </group>
    <group value="ExpandToLevel" is_group="true" action_type="-1" position="8">
      <path value="root" />
      <path value="Main Menu" />
      <path value="Code" />
      <path value="Folding" />
      <option name="myInitialPosition" value="-1" />
    </group>
    <group value="BackgroundTasks" is_group="true" action_type="-1" position="8">
      <path value="root" />
      <path value="Main Menu" />
      <path value="Window" />
      <option name="myInitialPosition" value="-1" />
    </group>
    <group seperator="true" action_type="-1" position="8">
      <path value="root" />
      <path value="Main Menu" />
      <path value="Help" />
      <option name="myInitialPosition" value="-1" />
    </group>
    <group value="EditorToggleColumnMode" is_action="true" action_type="-1" position="8">
      <path value="root" />
      <path value="Editor Popup Menu" />
      <option name="myInitialPosition" value="-1" />
    </group>
    <group value="ExpandToLevel" is_group="true" action_type="-1" position="8">
      <path value="root" />
      <path value="Editor Popup Menu" />
      <path value="Editor Popup Menu Actions (1)" />
      <path value="EditorPopupMenu1.FindRefactor" />
      <path value="Folding" />
      <option name="myInitialPosition" value="-1" />
    </group>
    <group seperator="true" action_type="-1" position="8">
      <path value="root" />
      <path value="Editor Popup Menu" />
      <path value="Editor Popup Menu Actions (2)" />
      <option name="myInitialPosition" value="-1" />
    </group>
    <group value="ShowGutterIconsSettings" is_action="true" action_type="-1" position="8">
      <path value="root" />
      <path value="Editor Gutter Popup Menu" />
      <option name="myInitialPosition" value="-1" />
    </group>
    <group value="VersionControlsGroup" is_group="true" action_type="-1" position="8">
      <path value="root" />
      <path value="Editor Tab Popup Menu" />
      <path value="Editor Tab Popup Menu Actions (1)" />
      <option name="myInitialPosition" value="-1" />
    </group>
    <group value="JsonCopyPointer" is_action="true" action_type="-1" position="8">
      <path value="root" />
      <path value="Project View Popup Menu" />
      <path value="Cut/Copy/Paste Actions" />
      <option name="myInitialPosition" value="-1" />
    </group>
    <group value="ViewMembersInNavigationBar" is_action="true" action_type="-1" position="8">
      <path value="root" />
      <path value="Navigation Bar Popup Menu" />
      <option name="myInitialPosition" value="-1" />
    </group>
    <group value="Synchronize" is_action="true" action_type="-1" position="7">
      <path value="root" />
      <path value="Main Menu" />
      <path value="File" />
      <option name="myInitialPosition" value="-1" />
    </group>
    <group value="SyncSettings" is_group="true" action_type="-1" position="7">
      <path value="root" />
      <path value="Main Menu" />
      <path value="File" />
      <path value="Manage IDE Settings" />
      <option name="myInitialPosition" value="-1" />
    </group>
    <group value="HTTPClientConvertToCurlAndCopy" is_action="true" action_type="-1" position="7">
      <path value="root" />
      <path value="Main Menu" />
      <path value="Edit" />
      <path value="Cut/Copy/Paste Actions" />
      <option name="myInitialPosition" value="-1" />
    </group>
    <group value="ToggleFindInSelection" is_action="true" action_type="-1" position="7">
      <path value="root" />
      <path value="Main Menu" />
      <path value="Edit" />
      <path value="Find" />
      <option name="myInitialPosition" value="-1" />
    </group>
    <group value="GotoPrevElementUnderCaretUsage" is_action="true" action_type="-1" position="7">
      <path value="root" />
      <path value="Main Menu" />
      <path value="Edit" />
      <path value="Find Usages" />
      <option name="myInitialPosition" value="-1" />
    </group>
    <group seperator="true" action_type="-1" position="7">
      <path value="root" />
      <path value="Main Menu" />
      <path value="Edit" />
      <path value="Edit Code Actions" />
      <option name="myInitialPosition" value="-1" />
    </group>
    <group value="ViewSource" is_action="true" action_type="-1" position="7">
      <path value="root" />
      <path value="Main Menu" />
      <path value="View" />
      <option name="myInitialPosition" value="-1" />
    </group>
    <group value="SurroundWith" is_action="true" action_type="-1" position="7">
      <path value="root" />
      <path value="Main Menu" />
      <path value="Code" />
      <option name="myInitialPosition" value="-1" />
    </group>
    <group seperator="true" action_type="-1" position="7">
      <path value="root" />
      <path value="Main Menu" />
      <path value="Code" />
      <path value="Folding" />
      <option name="myInitialPosition" value="-1" />
    </group>
    <group value="Notifications" is_group="true" action_type="-1" position="7">
      <path value="root" />
      <path value="Main Menu" />
      <path value="Window" />
      <option name="myInitialPosition" value="-1" />
    </group>
    <group value="ShowLearnPanel" is_action="true" action_type="-1" position="7">
      <path value="root" />
      <path value="Main Menu" />
      <path value="Help" />
      <option name="myInitialPosition" value="-1" />
    </group>
    <group value="Copy.Paste.Special" is_group="true" action_type="-1" position="7">
      <path value="root" />
      <path value="Editor Popup Menu" />
      <option name="myInitialPosition" value="-1" />
    </group>
    <group seperator="true" action_type="-1" position="7">
      <path value="root" />
      <path value="Editor Popup Menu" />
      <path value="Editor Popup Menu Actions (1)" />
      <path value="EditorPopupMenu1.FindRefactor" />
      <path value="Folding" />
      <option name="myInitialPosition" value="-1" />
    </group>
    <group value="VersionControlsGroup" is_group="true" action_type="-1" position="7">
      <path value="root" />
      <path value="Editor Popup Menu" />
      <path value="Editor Popup Menu Actions (2)" />
      <option name="myInitialPosition" value="-1" />
    </group>
    <group value="Console.TableResult.GoToGroup" is_group="true" action_type="-1" position="7">
      <path value="root" />
      <path value="Editor Popup Menu" />
      <path value="Editor Popup Menu Actions (2)" />
      <path value="Go To" />
      <option name="myInitialPosition" value="-1" />
    </group>
    <group value="EditorBreadcrumbsSettings" is_group="true" action_type="-1" position="7">
      <path value="root" />
      <path value="Editor Gutter Popup Menu" />
      <option name="myInitialPosition" value="-1" />
    </group>
    <group seperator="true" action_type="-1" position="7">
      <path value="root" />
      <path value="Editor Tab Popup Menu" />
      <option name="myInitialPosition" value="-1" />
    </group>
    <group seperator="true" action_type="-1" position="7">
      <path value="root" />
      <path value="Editor Tab Popup Menu" />
      <path value="Editor Tab Popup Menu Actions (1)" />
      <option name="myInitialPosition" value="-1" />
    </group>
    <group value="ChangesView.ApplyPatch" is_action="true" action_type="-1" position="7">
      <path value="root" />
      <path value="Project View Popup Menu" />
      <option name="myInitialPosition" value="-1" />
    </group>
    <group value="FileTemplateSeparatorGroup" is_group="true" action_type="-1" position="7">
      <path value="root" />
      <path value="Project View Popup Menu" />
      <path value="New" />
      <option name="myInitialPosition" value="-1" />
    </group>
    <group value="HTTPClientConvertToCurlAndCopy" is_action="true" action_type="-1" position="7">
      <path value="root" />
      <path value="Project View Popup Menu" />
      <path value="Cut/Copy/Paste Actions" />
      <option name="myInitialPosition" value="-1" />
    </group>
    <group value="ViewNavigationBar" is_action="true" action_type="-1" position="7">
      <path value="root" />
      <path value="Navigation Bar Popup Menu" />
      <option name="myInitialPosition" value="-1" />
    </group>
    <group value="BuildMenu" is_group="true" action_type="-1" position="6">
      <path value="root" />
      <path value="Main Menu" />
      <option name="myInitialPosition" value="-1" />
    </group>
    <group value="ConfigureIcs" is_action="true" action_type="-1" position="6">
      <path value="root" />
      <path value="Main Menu" />
      <path value="File" />
      <path value="Manage IDE Settings" />
      <option name="myInitialPosition" value="-1" />
    </group>
    <group value="UnselectPreviousOccurrence" is_action="true" action_type="-1" position="6">
      <path value="root" />
      <path value="Main Menu" />
      <path value="Edit" />
      <path value="Find" />
      <option name="myInitialPosition" value="-1" />
    </group>
    <group value="GotoNextElementUnderCaretUsage" is_action="true" action_type="-1" position="6">
      <path value="root" />
      <path value="Main Menu" />
      <path value="Edit" />
      <path value="Find Usages" />
      <option name="myInitialPosition" value="-1" />
    </group>
    <group value="EditorTranspose" is_action="true" action_type="-1" position="6">
      <path value="root" />
      <path value="Main Menu" />
      <path value="Edit" />
      <path value="Edit Code Actions" />
      <option name="myInitialPosition" value="-1" />
    </group>
    <group value="InsertLiveTemplate" is_action="true" action_type="-1" position="6">
      <path value="root" />
      <path value="Main Menu" />
      <path value="Code" />
      <option name="myInitialPosition" value="-1" />
    </group>
    <group value="ManageTargets" is_action="true" action_type="-1" position="6">
      <path value="root" />
      <path value="Main Menu" />
      <path value="Run" />
      <option name="myInitialPosition" value="-1" />
    </group>
    <group value="EditorTabsGroup" is_group="true" action_type="-1" position="6">
      <path value="root" />
      <path value="Main Menu" />
      <path value="Window" />
      <option name="myInitialPosition" value="-1" />
    </group>
    <group value="ShowTips" is_action="true" action_type="-1" position="6">
      <path value="root" />
      <path value="Main Menu" />
      <path value="Help" />
      <option name="myInitialPosition" value="-1" />
    </group>
    <group value="Forward" is_action="true" action_type="-1" position="6">
      <path value="root" />
      <path value="Main Toolbar" />
      <option name="myInitialPosition" value="-1" />
    </group>
    <group value="GotoTest" is_action="true" action_type="-1" position="6">
      <path value="root" />
      <path value="Editor Popup Menu" />
      <path value="Editor Popup Menu Actions (2)" />
      <path value="Go To" />
      <option name="myInitialPosition" value="-1" />
    </group>
    <group value="CopyReferencePopup" is_action="true" action_type="-1" position="6">
      <path value="root" />
      <path value="Editor Tab Popup Menu" />
      <option name="myInitialPosition" value="-1" />
    </group>
    <group value="CloseAllUnmodifiedEditors" is_action="true" action_type="-1" position="6">
      <path value="root" />
      <path value="Editor Tab Popup Menu" />
      <path value="Editor Close Actions" />
      <option name="myInitialPosition" value="-1" />
    </group>
    <group value="RunContextPopupGroup" is_group="true" action_type="-1" position="6">
      <path value="root" />
      <path value="Editor Tab Popup Menu" />
      <path value="Editor Tab Popup Menu Actions (1)" />
      <option name="myInitialPosition" value="-1" />
    </group>
    <group value="ProjectViewEditSource" is_action="true" action_type="-1" position="6">
      <path value="root" />
      <path value="Project View Popup Menu" />
      <option name="myInitialPosition" value="-1" />
    </group>
    <group value="angularCliGenerate" is_action="true" action_type="-1" position="6">
      <path value="root" />
      <path value="Project View Popup Menu" />
      <path value="New" />
      <option name="myInitialPosition" value="-1" />
    </group>
    <group value="MarkFileAs" is_group="true" action_type="-1" position="6">
      <path value="root" />
      <path value="Project View Popup Menu" />
      <path value="Project View Popup Menu Modify Group" />
      <option name="myInitialPosition" value="-1" />
    </group>
    <group value="RefactoringMenu" is_group="true" action_type="-1" position="5">
      <path value="root" />
      <path value="Main Menu" />
      <option name="myInitialPosition" value="-1" />
    </group>
    <group value="LocalHistory.MainMenuGroup" is_group="true" action_type="-1" position="5">
      <path value="root" />
      <path value="Main Menu" />
      <path value="File" />
      <option name="myInitialPosition" value="-1" />
    </group>
    <group value="CloudConfigAction" is_action="true" action_type="-1" position="5">
      <path value="root" />
      <path value="Main Menu" />
      <path value="File" />
      <path value="Manage IDE Settings" />
      <option name="myInitialPosition" value="-1" />
    </group>
    <group value="CopyReferencePopup" is_action="true" action_type="-1" position="5">
      <path value="root" />
      <path value="Main Menu" />
      <path value="Edit" />
      <path value="Cut/Copy/Paste Actions" />
      <option name="myInitialPosition" value="-1" />
    </group>
    <group value="SelectNextOccurrence" is_action="true" action_type="-1" position="5">
      <path value="root" />
      <path value="Main Menu" />
      <path value="Edit" />
      <path value="Find" />
      <option name="myInitialPosition" value="-1" />
    </group>
    <group value="HighlightUsagesInFile" is_action="true" action_type="-1" position="5">
      <path value="root" />
      <path value="Main Menu" />
      <path value="Edit" />
      <path value="Find Usages" />
      <option name="myInitialPosition" value="-1" />
    </group>
    <group value="EditorReverseLines" is_action="true" action_type="-1" position="5">
      <path value="root" />
      <path value="Main Menu" />
      <path value="Edit" />
      <path value="Edit Code Actions" />
      <option name="myInitialPosition" value="-1" />
    </group>
    <group seperator="true" action_type="-1" position="5">
      <path value="root" />
      <path value="Main Menu" />
      <path value="Code" />
      <option name="myInitialPosition" value="-1" />
    </group>
    <group value="CollapseRegionRecursively" is_action="true" action_type="-1" position="5">
      <path value="root" />
      <path value="Main Menu" />
      <path value="Code" />
      <path value="Folding" />
      <option name="myInitialPosition" value="-1" />
    </group>
    <group seperator="true" action_type="-1" position="5">
      <path value="root" />
      <path value="Main Menu" />
      <path value="Code" />
      <path value="InspectCodeInCodeMenuGroup" />
      <option name="myInitialPosition" value="-1" />
    </group>
    <group value="ViewOfflineInspection" is_action="true" action_type="-1" position="5">
      <path value="root" />
      <path value="Main Menu" />
      <path value="Code" />
      <path value="InspectCodeInCodeMenuGroup" />
      <path value="Inspect Code Actions" />
      <option name="myInitialPosition" value="-1" />
    </group>
    <group value="ActiveToolwindowGroup" is_group="true" action_type="-1" position="5">
      <path value="root" />
      <path value="Main Menu" />
      <path value="Window" />
      <option name="myInitialPosition" value="-1" />
    </group>
    <group value="Help.JetBrainsTV" is_action="true" action_type="-1" position="5">
      <path value="root" />
      <path value="Main Menu" />
      <path value="Help" />
      <option name="myInitialPosition" value="-1" />
    </group>
    <group value="Back" is_action="true" action_type="-1" position="5">
      <path value="root" />
      <path value="Main Toolbar" />
      <option name="myInitialPosition" value="-1" />
    </group>
    <group value="CopyAsRichText" is_action="true" action_type="-1" position="5">
      <path value="root" />
      <path value="Editor Popup Menu" />
      <option name="myInitialPosition" value="-1" />
    </group>
    <group value="CollapseRegionRecursively" is_action="true" action_type="-1" position="5">
      <path value="root" />
      <path value="Editor Popup Menu" />
      <path value="Editor Popup Menu Actions (1)" />
      <path value="EditorPopupMenu1.FindRefactor" />
      <path value="Folding" />
      <option name="myInitialPosition" value="-1" />
    </group>
    <group value="GotoSuperMethod" is_action="true" action_type="-1" position="5">
      <path value="root" />
      <path value="Editor Popup Menu" />
      <path value="Editor Popup Menu Actions (2)" />
      <path value="Go To" />
      <option name="myInitialPosition" value="-1" />
    </group>
    <group value="ChangeTemplateDataLanguage" is_action="true" action_type="-1" position="5">
      <path value="root" />
      <path value="Editor Tab Popup Menu" />
      <option name="myInitialPosition" value="-1" />
    </group>
    <group value="CloseAllReadonly" is_action="true" action_type="-1" position="5">
      <path value="root" />
      <path value="Editor Tab Popup Menu" />
      <path value="Editor Close Actions" />
      <option name="myInitialPosition" value="-1" />
    </group>
    <group value="FileEditor.ImportToDatabase.Group" is_group="true" action_type="-1" position="5">
      <path value="root" />
      <path value="Project View Popup Menu" />
      <option name="myInitialPosition" value="-1" />
    </group>
    <group value="angularCliAdd" is_action="true" action_type="-1" position="5">
      <path value="root" />
      <path value="Project View Popup Menu" />
      <path value="New" />
      <option name="myInitialPosition" value="-1" />
    </group>
    <group value="CopyReferencePopup" is_action="true" action_type="-1" position="5">
      <path value="root" />
      <path value="Project View Popup Menu" />
      <path value="Cut/Copy/Paste Actions" />
      <option name="myInitialPosition" value="-1" />
    </group>
    <group value="sql.ChangeDialect" is_action="true" action_type="-1" position="5">
      <path value="root" />
      <path value="Project View Popup Menu" />
      <path value="Project View Popup Menu Modify Group" />
      <option name="myInitialPosition" value="-1" />
    </group>
    <group value="ChangesView.ApplyPatch" is_action="true" action_type="-1" position="5">
      <path value="root" />
      <path value="Navigation Bar Popup Menu" />
      <option name="myInitialPosition" value="-1" />
    </group>
    <group value="ToggleReadOnlyAttribute" is_action="true" action_type="-1" position="4">
      <path value="root" />
      <path value="Main Menu" />
      <path value="File" />
      <path value="File Properties" />
      <option name="myInitialPosition" value="-1" />
    </group>
    <group value="CloudConfigActionGroup" is_group="true" action_type="-1" position="4">
      <path value="root" />
      <path value="Main Menu" />
      <path value="File" />
      <path value="Manage IDE Settings" />
      <option name="myInitialPosition" value="-1" />
    </group>
    <group value="CopyAsRichText" is_action="true" action_type="-1" position="4">
      <path value="root" />
      <path value="Main Menu" />
      <path value="Edit" />
      <path value="Cut/Copy/Paste Actions" />
      <option name="myInitialPosition" value="-1" />
    </group>
    <group value="SelectAllOccurrences" is_action="true" action_type="-1" position="4">
      <path value="root" />
      <path value="Main Menu" />
      <path value="Edit" />
      <path value="Find" />
      <option name="myInitialPosition" value="-1" />
    </group>
    <group value="EditorSortLines" is_action="true" action_type="-1" position="4">
      <path value="root" />
      <path value="Main Menu" />
      <path value="Edit" />
      <path value="Edit Code Actions" />
      <option name="myInitialPosition" value="-1" />
    </group>
    <group value="CodeCompletionGroup" is_group="true" action_type="-1" position="4">
      <path value="root" />
      <path value="Main Menu" />
      <path value="Code" />
      <option name="myInitialPosition" value="-1" />
    </group>
    <group value="CollapseRegion" is_action="true" action_type="-1" position="4">
      <path value="root" />
      <path value="Main Menu" />
      <path value="Code" />
      <path value="Folding" />
      <option name="myInitialPosition" value="-1" />
    </group>
    <group value="RearrangeCode" is_action="true" action_type="-1" position="4">
      <path value="root" />
      <path value="Main Menu" />
      <path value="Code" />
      <path value="Code Formatting Actions" />
      <option name="myInitialPosition" value="-1" />
    </group>
    <group value="SliceForward" is_action="true" action_type="-1" position="4">
      <path value="root" />
      <path value="Main Menu" />
      <path value="Code" />
      <path value="InspectCodeInCodeMenuGroup" />
      <option name="myInitialPosition" value="-1" />
    </group>
    <group value="PopupHector" is_action="true" action_type="-1" position="4">
      <path value="root" />
      <path value="Main Menu" />
      <path value="Code" />
      <path value="InspectCodeInCodeMenuGroup" />
      <path value="Inspect Code Actions" />
      <option name="myInitialPosition" value="-1" />
    </group>
    <group value="XDebugger.AttachGroup" is_group="true" action_type="-1" position="4">
      <path value="root" />
      <path value="Main Menu" />
      <path value="Run" />
      <option name="myInitialPosition" value="-1" />
    </group>
    <group seperator="true" action_type="-1" position="4">
      <path value="root" />
      <path value="Main Menu" />
      <path value="Window" />
      <option name="myInitialPosition" value="-1" />
    </group>
    <group value="EditorPopupMenuDebug" is_group="true" action_type="-1" position="4">
      <path value="root" />
      <path value="Editor Popup Menu" />
      <path value="Editor Popup Menu Actions (2)" />
      <option name="myInitialPosition" value="-1" />
    </group>
    <group value="GotoTypeDeclaration" is_action="true" action_type="-1" position="4">
      <path value="root" />
      <path value="Editor Popup Menu" />
      <path value="Editor Popup Menu Actions (2)" />
      <path value="Go To" />
      <option name="myInitialPosition" value="-1" />
    </group>
    <group seperator="true" action_type="-1" position="4">
      <path value="root" />
      <path value="Editor Gutter Popup Menu" />
      <option name="myInitialPosition" value="-1" />
    </group>
    <group value="JsonCopyPointer" is_action="true" action_type="-1" position="4">
      <path value="root" />
      <path value="Editor Tab Popup Menu" />
      <option name="myInitialPosition" value="-1" />
    </group>
    <group value="CloseAllToTheRight" is_action="true" action_type="-1" position="4">
      <path value="root" />
      <path value="Editor Tab Popup Menu" />
      <path value="Editor Close Actions" />
      <option name="myInitialPosition" value="-1" />
    </group>
    <group value="NewPythonPackage" is_action="true" action_type="-1" position="4">
      <path value="root" />
      <path value="Project View Popup Menu" />
      <path value="New" />
      <option name="myInitialPosition" value="-1" />
    </group>
    <group value="CopyAsRichText" is_action="true" action_type="-1" position="4">
      <path value="root" />
      <path value="Project View Popup Menu" />
      <path value="Cut/Copy/Paste Actions" />
      <option name="myInitialPosition" value="-1" />
    </group>
    <group value="Scratch.ChangeLanguage" is_action="true" action_type="-1" position="4">
      <path value="root" />
      <path value="Project View Popup Menu" />
      <path value="Project View Popup Menu Modify Group" />
      <option name="myInitialPosition" value="-1" />
    </group>
    <group value="MarkTemplateDirectory" is_action="true" action_type="-1" position="4">
      <path value="root" />
      <path value="Project View Popup Menu" />
      <path value="Project View Popup Menu Settings Group" />
      <path value="Mark Directory as" />
      <option name="myInitialPosition" value="-1" />
    </group>
    <group value="EditSource" is_action="true" action_type="-1" position="4">
      <path value="root" />
      <path value="Navigation Bar Popup Menu" />
      <option name="myInitialPosition" value="-1" />
    </group>
    <group value="Scratch.ChangeLanguage" is_action="true" action_type="-1" position="4">
      <path value="root" />
      <path value="Navigation Bar Popup Menu" />
      <path value="Project View Popup Menu Modify Group" />
      <option name="myInitialPosition" value="-1" />
    </group>
    <group value="GoToMenu" is_group="true" action_type="-1" position="3">
      <path value="root" />
      <path value="Main Menu" />
      <option name="myInitialPosition" value="-1" />
    </group>
    <group value="AttachProject" is_action="true" action_type="-1" position="3">
      <path value="root" />
      <path value="Main Menu" />
      <path value="File" />
      <path value="File Open Actions" />
      <option name="myInitialPosition" value="-1" />
    </group>
    <group value="ChangeTemplateDataLanguage" is_action="true" action_type="-1" position="3">
      <path value="root" />
      <path value="Main Menu" />
      <path value="File" />
      <path value="File Properties" />
      <option name="myInitialPosition" value="-1" />
    </group>
    <group value="FindPrevious" is_action="true" action_type="-1" position="3">
      <path value="root" />
      <path value="Main Menu" />
      <path value="Edit" />
      <path value="Find" />
      <option name="myInitialPosition" value="-1" />
    </group>
    <group value="FillParagraph" is_action="true" action_type="-1" position="3">
      <path value="root" />
      <path value="Main Menu" />
      <path value="Edit" />
      <path value="Edit Code Actions" />
      <option name="myInitialPosition" value="-1" />
    </group>
    <group seperator="true" action_type="-1" position="3">
      <path value="root" />
      <path value="Main Menu" />
      <path value="Code" />
      <option name="myInitialPosition" value="-1" />
    </group>
    <group seperator="true" action_type="-1" position="3">
      <path value="root" />
      <path value="Main Menu" />
      <path value="Code" />
      <path value="Folding" />
      <option name="myInitialPosition" value="-1" />
    </group>
    <group value="OptimizeImports" is_action="true" action_type="-1" position="3">
      <path value="root" />
      <path value="Main Menu" />
      <path value="Code" />
      <path value="Code Formatting Actions" />
      <option name="myInitialPosition" value="-1" />
    </group>
    <group value="SliceBackward" is_action="true" action_type="-1" position="3">
      <path value="root" />
      <path value="Main Menu" />
      <path value="Code" />
      <path value="InspectCodeInCodeMenuGroup" />
      <option name="myInitialPosition" value="-1" />
    </group>
    <group value="RunInspection" is_action="true" action_type="-1" position="3">
      <path value="root" />
      <path value="Main Menu" />
      <path value="Code" />
      <path value="InspectCodeInCodeMenuGroup" />
      <path value="Inspect Code Actions" />
      <option name="myInitialPosition" value="-1" />
    </group>
    <group value="Profiler" is_group="true" action_type="-1" position="3">
      <path value="root" />
      <path value="Main Menu" />
      <path value="Run" />
      <path value="Run/Debug" />
      <option name="myInitialPosition" value="-1" />
    </group>
    <group value="GotoImplementation" is_action="true" action_type="-1" position="3">
      <path value="root" />
      <path value="Editor Popup Menu" />
      <path value="Editor Popup Menu Actions (2)" />
      <path value="Go To" />
      <option name="myInitialPosition" value="-1" />
    </group>
    <group value="ConfigureSoftWraps" is_action="true" action_type="-1" position="3">
      <path value="root" />
      <path value="Editor Gutter Popup Menu" />
      <option name="myInitialPosition" value="-1" />
    </group>
    <group value="CopyReference" is_action="true" action_type="-1" position="3">
      <path value="root" />
      <path value="Editor Tab Popup Menu" />
      <option name="myInitialPosition" value="-1" />
    </group>
    <group value="CloseAllToTheLeft" is_action="true" action_type="-1" position="3">
      <path value="root" />
      <path value="Editor Tab Popup Menu" />
      <path value="Editor Close Actions" />
      <option name="myInitialPosition" value="-1" />
    </group>
    <group value="AddAllToFavorites" is_group="true" action_type="-1" position="3">
      <path value="root" />
      <path value="Editor Tab Popup Menu" />
      <path value="Editor Tab Popup Menu Actions (1)" />
      <option name="myInitialPosition" value="-1" />
    </group>
    <group seperator="true" action_type="-1" position="3">
      <path value="root" />
      <path value="Project View Popup Menu" />
      <option name="myInitialPosition" value="-1" />
    </group>
    <group value="CopyAsPlainText" is_action="true" action_type="-1" position="3">
      <path value="root" />
      <path value="Project View Popup Menu" />
      <path value="Cut/Copy/Paste Actions" />
      <option name="myInitialPosition" value="-1" />
    </group>
    <group value="MarkNamespacePackageDirectory" is_action="true" action_type="-1" position="3">
      <path value="root" />
      <path value="Project View Popup Menu" />
      <path value="Project View Popup Menu Settings Group" />
      <path value="Mark Directory as" />
      <option name="myInitialPosition" value="-1" />
    </group>
    <group value="AssociateWithFileType" is_action="true" action_type="-1" position="2">
      <path value="root" />
      <path value="Main Menu" />
      <path value="File" />
      <path value="File Properties" />
      <option name="myInitialPosition" value="-1" />
    </group>
    <group value="CopyPaths" is_action="true" action_type="-1" position="2">
      <path value="root" />
      <path value="Main Menu" />
      <path value="Edit" />
      <path value="Cut/Copy/Paste Actions" />
      <option name="myInitialPosition" value="-1" />
    </group>
    <group value="FindNext" is_action="true" action_type="-1" position="2">
      <path value="root" />
      <path value="Main Menu" />
      <path value="Edit" />
      <path value="Find" />
      <option name="myInitialPosition" value="-1" />
    </group>
    <group value="ShowUsages" is_action="true" action_type="-1" position="2">
      <path value="root" />
      <path value="Main Menu" />
      <path value="Edit" />
      <path value="Find Usages" />
      <option name="myInitialPosition" value="-1" />
    </group>
    <group value="EditSelectWordGroup" is_group="true" action_type="-1" position="2">
      <path value="root" />
      <path value="Main Menu" />
      <path value="Edit" />
      <path value="Editor Select Actions" />
      <option name="myInitialPosition" value="-1" />
    </group>
    <group value="EditorDuplicate" is_action="true" action_type="-1" position="2">
      <path value="root" />
      <path value="Main Menu" />
      <path value="Edit" />
      <path value="Edit Code Actions" />
      <option name="myInitialPosition" value="-1" />
    </group>
    <group value="QuickActions" is_group="true" action_type="-1" position="2">
      <path value="root" />
      <path value="Main Menu" />
      <path value="View" />
      <option name="myInitialPosition" value="-1" />
    </group>
    <group value="Generate" is_action="true" action_type="-1" position="2">
      <path value="root" />
      <path value="Main Menu" />
      <path value="Code" />
      <option name="myInitialPosition" value="-1" />
    </group>
    <group value="AutoIndentLines" is_action="true" action_type="-1" position="2">
      <path value="root" />
      <path value="Main Menu" />
      <path value="Code" />
      <path value="Code Formatting Actions" />
      <option name="myInitialPosition" value="-1" />
    </group>
    <group value="SilentCodeCleanup" is_action="true" action_type="-1" position="2">
      <path value="root" />
      <path value="Main Menu" />
      <path value="Code" />
      <path value="InspectCodeInCodeMenuGroup" />
      <path value="Inspect Code Actions" />
      <option name="myInitialPosition" value="-1" />
    </group>
    <group value="Coverage" is_action="true" action_type="-1" position="2">
      <path value="root" />
      <path value="Main Menu" />
      <path value="Run" />
      <path value="Run/Debug" />
      <option name="myInitialPosition" value="-1" />
    </group>
    <group value="Synchronize" is_action="true" action_type="-1" position="2">
      <path value="root" />
      <path value="Main Toolbar" />
      <option name="myInitialPosition" value="-1" />
    </group>
    <group value="Coverage" is_action="true" action_type="-1" position="2">
      <path value="root" />
      <path value="Main Toolbar" />
      <path value="Toolbar Run Actions" />
      <path value="Run/Debug" />
      <option name="myInitialPosition" value="-1" />
    </group>
    <group value="LightEditModePopup" is_group="true" action_type="-1" position="2">
      <path value="root" />
      <path value="Editor Popup Menu" />
      <option name="myInitialPosition" value="-1" />
    </group>
    <group value="Generate" is_action="true" action_type="-1" position="2">
      <path value="root" />
      <path value="Editor Popup Menu" />
      <path value="Editor Popup Menu Actions (2)" />
      <option name="myInitialPosition" value="-1" />
    </group>
    <group value="RevealGroup" is_group="true" action_type="-1" position="2">
      <path value="root" />
      <path value="Editor Popup Menu" />
      <path value="Editor Popup Menu Actions (2)" />
      <path value="Compile/Run Actions" />
      <path value="Run Configurations" />
      <option name="myInitialPosition" value="-1" />
    </group>
    <group value="CopyPaths" is_action="true" action_type="-1" position="2">
      <path value="root" />
      <path value="Editor Tab Popup Menu" />
      <option name="myInitialPosition" value="-1" />
    </group>
    <group value="AddToFavorites" is_group="true" action_type="-1" position="2">
      <path value="root" />
      <path value="Editor Tab Popup Menu" />
      <path value="Editor Tab Popup Menu Actions (1)" />
      <option name="myInitialPosition" value="-1" />
    </group>
    <group value="RestoreDefaultExtensionScripts" is_action="true" action_type="-1" position="2">
      <path value="root" />
      <path value="Project View Popup Menu" />
      <option name="myInitialPosition" value="-1" />
    </group>
    <group value="CopyPaths" is_action="true" action_type="-1" position="2">
      <path value="root" />
      <path value="Project View Popup Menu" />
      <path value="Cut/Copy/Paste Actions" />
      <option name="myInitialPosition" value="-1" />
    </group>
    <group value="OptimizeImports" is_action="true" action_type="-1" position="2">
      <path value="root" />
      <path value="Project View Popup Menu" />
      <path value="Project View Popup Menu Modify Group" />
      <option name="myInitialPosition" value="-1" />
    </group>
    <group value="UnmarkResourceRoot" is_action="true" action_type="-1" position="2">
      <path value="root" />
      <path value="Project View Popup Menu" />
      <path value="Project View Popup Menu Settings Group" />
      <path value="Mark Directory as" />
      <option name="myInitialPosition" value="-1" />
    </group>
    <group value="MarkAsContentRoot" is_action="true" action_type="-1" position="2">
      <path value="root" />
      <path value="Project View Popup Menu" />
      <path value="Project View Popup Menu Settings Group" />
      <path value="Mark Directory as" />
      <path value="PyCharm.MarkRootGroup" />
      <option name="myInitialPosition" value="-1" />
    </group>
    <group seperator="true" action_type="-1" position="2">
      <path value="root" />
      <path value="Navigation Bar Popup Menu" />
      <option name="myInitialPosition" value="-1" />
    </group>
    <group value="EditorPasteSimple" is_action="true" action_type="-1" position="2">
      <path value="root" />
      <path value="Navigation Bar Popup Menu" />
      <path value="Cut/Copy/Paste Actions" />
      <path value="Paste" />
      <option name="myInitialPosition" value="-1" />
    </group>
    <group value="ChangeSignature" is_action="true" action_type="-1" position="2">
      <path value="root" />
      <path value="Navigation Bar Popup Menu" />
      <path value="Project View Popup Refactoring Group" />
      <path value="Refactor" />
      <option name="myInitialPosition" value="-1" />
    </group>
    <group value="OptimizeImports" is_action="true" action_type="-1" position="2">
      <path value="root" />
      <path value="Navigation Bar Popup Menu" />
      <path value="Project View Popup Menu Modify Group" />
      <option name="myInitialPosition" value="-1" />
    </group>
    <group value="NavBarVcsGroup" is_group="true" action_type="-1" position="2">
      <path value="root" />
      <path value="Navigation Bar Toolbar" />
      <option name="myInitialPosition" value="-1" />
    </group>
    <group value="Coverage" is_action="true" action_type="-1" position="2">
      <path value="root" />
      <path value="Navigation Bar Toolbar" />
      <path value="Toolbar Run Actions" />
      <path value="Run/Debug" />
      <option name="myInitialPosition" value="-1" />
    </group>
    <group value="RemoveBom.Group" is_group="true" action_type="-1" position="1">
      <path value="root" />
      <path value="Main Menu" />
      <path value="File" />
      <path value="File Properties" />
      <option name="myInitialPosition" value="-1" />
    </group>
    <group value="FileExportGroup" is_group="true" action_type="-1" position="1">
      <path value="root" />
      <path value="Main Menu" />
      <path value="File" />
      <path value="Print/Export Actions" />
      <option name="myInitialPosition" value="-1" />
    </group>
    <group value="PasteMultiple" is_action="true" action_type="-1" position="1">
      <path value="root" />
      <path value="Main Menu" />
      <path value="Edit" />
      <path value="Cut/Copy/Paste Actions" />
      <path value="Paste" />
      <option name="myInitialPosition" value="-1" />
    </group>
    <group value="ShowSettingsAndFindUsages" is_action="true" action_type="-1" position="1">
      <path value="root" />
      <path value="Main Menu" />
      <path value="Edit" />
      <path value="Find Usages" />
      <option name="myInitialPosition" value="-1" />
    </group>
    <group value="EditorAddCaretPerSelectedLine" is_action="true" action_type="-1" position="1">
      <path value="root" />
      <path value="Main Menu" />
      <path value="Edit" />
      <path value="Editor Select Actions" />
      <option name="myInitialPosition" value="-1" />
    </group>
    <group value="EditorJoinLines" is_action="true" action_type="-1" position="1">
      <path value="root" />
      <path value="Main Menu" />
      <path value="Edit" />
      <path value="Edit Code Actions" />
      <option name="myInitialPosition" value="-1" />
    </group>
    <group value="ConvertIndentsToTabs" is_action="true" action_type="-1" position="1">
      <path value="root" />
      <path value="Main Menu" />
      <path value="Edit" />
      <path value="Edit Code Actions" />
      <path value="Convert Indents" />
      <option name="myInitialPosition" value="-1" />
    </group>
    <group value="ImplementMethods" is_action="true" action_type="-1" position="1">
      <path value="root" />
      <path value="Main Menu" />
      <path value="Code" />
      <option name="myInitialPosition" value="-1" />
    </group>
    <group value="ExpandRegionRecursively" is_action="true" action_type="-1" position="1">
      <path value="root" />
      <path value="Main Menu" />
      <path value="Code" />
      <path value="Folding" />
      <option name="myInitialPosition" value="-1" />
    </group>
    <group value="CodeCleanup" is_action="true" action_type="-1" position="1">
      <path value="root" />
      <path value="Main Menu" />
      <path value="Code" />
      <path value="InspectCodeInCodeMenuGroup" />
      <path value="Inspect Code Actions" />
      <option name="myInitialPosition" value="-1" />
    </group>
    <group value="ZoomCurrentWindow" is_action="true" action_type="-1" position="1">
      <path value="root" />
      <path value="Main Menu" />
      <path value="Window" />
      <option name="myInitialPosition" value="-1" />
    </group>
    <group value="ShowIntentionsGroup" is_group="true" action_type="-1" position="1">
      <path value="root" />
      <path value="Editor Popup Menu" />
      <option name="myInitialPosition" value="-1" />
    </group>
    <group value="RefactoringMenu" is_group="true" action_type="-1" position="1">
      <path value="root" />
      <path value="Editor Popup Menu" />
      <path value="Editor Popup Menu Actions (1)" />
      <path value="EditorPopupMenu1.FindRefactor" />
      <option name="myInitialPosition" value="-1" />
    </group>
    <group value="ExpandRegionRecursively" is_action="true" action_type="-1" position="1">
      <path value="root" />
      <path value="Editor Popup Menu" />
      <path value="Editor Popup Menu Actions (1)" />
      <path value="EditorPopupMenu1.FindRefactor" />
      <path value="Folding" />
      <option name="myInitialPosition" value="-1" />
    </group>
    <group value="ShowNavBar" is_action="true" action_type="-1" position="1">
      <path value="root" />
      <path value="Editor Popup Menu" />
      <path value="Editor Popup Menu Actions (2)" />
      <path value="Go To" />
      <option name="myInitialPosition" value="-1" />
    </group>
    <group value="ValidateXml" is_action="true" action_type="-1" position="1">
      <path value="root" />
      <path value="Editor Popup Menu" />
      <path value="Editor Popup Menu Actions (2)" />
      <path value="Compile/Run Actions" />
      <option name="myInitialPosition" value="-1" />
    </group>
    <group value="GutterMenuBookmarks" is_group="true" action_type="-1" position="1">
      <path value="root" />
      <path value="Editor Gutter Popup Menu" />
      <option name="myInitialPosition" value="-1" />
    </group>
    <group value="AssociateWithFileType" is_action="true" action_type="-1" position="1">
      <path value="root" />
      <path value="Editor Tab Popup Menu" />
      <path value="Editor Tab Popup Menu Actions (1)" />
      <option name="myInitialPosition" value="-1" />
    </group>
    <group value="AssociateWithFileType" is_action="true" action_type="-1" position="1">
      <path value="root" />
      <path value="Project View Popup Menu" />
      <option name="myInitialPosition" value="-1" />
    </group>
    <group value="NewFile" is_action="true" action_type="-1" position="1">
      <path value="root" />
      <path value="Project View Popup Menu" />
      <path value="New" />
      <option name="myInitialPosition" value="-1" />
    </group>
    <group value="PasteMultiple" is_action="true" action_type="-1" position="1">
      <path value="root" />
      <path value="Project View Popup Menu" />
      <path value="Cut/Copy/Paste Actions" />
      <path value="Paste" />
      <option name="myInitialPosition" value="-1" />
    </group>
    <group value="PublishGroupPopupMenu" is_group="true" action_type="-1" position="1">
      <path value="root" />
      <path value="Project View Popup Menu" />
      <path value="Project View Popup Menu Settings Group" />
      <option name="myInitialPosition" value="-1" />
    </group>
    <group value="PyMarkResourceRoot" is_action="true" action_type="-1" position="1">
      <path value="root" />
      <path value="Project View Popup Menu" />
      <path value="Project View Popup Menu Settings Group" />
      <path value="Mark Directory as" />
      <option name="myInitialPosition" value="-1" />
    </group>
    <group value="AssociateWithFileType" is_action="true" action_type="-1" position="1">
      <path value="root" />
      <path value="Navigation Bar Popup Menu" />
      <option name="myInitialPosition" value="-1" />
    </group>
    <group value="PasteMultiple" is_action="true" action_type="-1" position="1">
      <path value="root" />
      <path value="Navigation Bar Popup Menu" />
      <path value="Cut/Copy/Paste Actions" />
      <path value="Paste" />
      <option name="myInitialPosition" value="-1" />
    </group>
    <group value="ValidateXml" is_action="true" action_type="-1" position="1">
      <path value="root" />
      <path value="Navigation Bar Popup Menu" />
      <path value="Project View Popup Refactoring Group" />
      <option name="myInitialPosition" value="-1" />
    </group>
    <group seperator="true" action_type="-1" position="1">
      <path value="root" />
      <path value="Navigation Bar Popup Menu" />
      <path value="Project View Popup Menu Run Group" />
      <path value="Run Configurations" />
      <path value="RunContextGroup" />
      <option name="myInitialPosition" value="-1" />
    </group>
    <group seperator="true" action_type="-1" position="1">
      <path value="root" />
      <path value="Navigation Bar Toolbar" />
      <option name="myInitialPosition" value="-1" />
    </group>
    <group value="EditorToggleCase" is_action="true" action_type="-1" position="0">
      <path value="root" />
      <path value="Main Menu" />
      <path value="Edit" />
      <path value="Edit Code Actions" />
      <option name="myInitialPosition" value="-1" />
    </group>
    <group value="OverrideMethods" is_action="true" action_type="-1" position="0">
      <path value="root" />
      <path value="Main Menu" />
      <path value="Code" />
      <option name="myInitialPosition" value="-1" />
    </group>
    <group value="ExpandRegion" is_action="true" action_type="-1" position="0">
      <path value="root" />
      <path value="Main Menu" />
      <path value="Code" />
      <path value="Folding" />
      <option name="myInitialPosition" value="-1" />
    </group>
    <group value="ReformatCode" is_action="true" action_type="-1" position="0">
      <path value="root" />
      <path value="Main Menu" />
      <path value="Code" />
      <path value="Code Formatting Actions" />
      <option name="myInitialPosition" value="-1" />
    </group>
    <group value="MinimizeCurrentWindow" is_action="true" action_type="-1" position="0">
      <path value="root" />
      <path value="Main Menu" />
      <path value="Window" />
      <option name="myInitialPosition" value="-1" />
    </group>
    <group value="&lt;anonymous-group-10&gt;" is_group="true" action_type="-1" position="0">
      <path value="root" />
      <path value="Editor Popup Menu" />
      <path value="Editor Popup Menu Actions (2)" />
      <path value="Go To" />
      <option name="myInitialPosition" value="-1" />
    </group>
    <group value="RunContextGroup" is_group="true" action_type="-1" position="0">
      <path value="root" />
      <path value="Editor Popup Menu" />
      <path value="Editor Popup Menu Actions (2)" />
      <path value="Compile/Run Actions" />
      <path value="Run Configurations" />
      <option name="myInitialPosition" value="-1" />
    </group>
    <group value="EditorGutterVcsPopupMenu" is_group="true" action_type="-1" position="0">
      <path value="root" />
      <path value="Editor Gutter Popup Menu" />
      <option name="myInitialPosition" value="-1" />
    </group>
    <group seperator="true" action_type="-1" position="0">
      <path value="root" />
      <path value="Editor Tab Popup Menu" />
      <path value="Editor Tab Popup Menu Actions (1)" />
      <option name="myInitialPosition" value="-1" />
    </group>
    <group value="AddNewPropertyFile" is_action="true" action_type="-1" position="0">
      <path value="root" />
      <path value="Project View Popup Menu" />
      <path value="New" />
      <option name="myInitialPosition" value="-1" />
    </group>
    <group value="TypeHierarchy" is_action="true" action_type="-1" position="0">
      <path value="root" />
      <path value="Project View Popup Menu" />
      <path value="Project View Popup Menu Modify Group" />
      <option name="myInitialPosition" value="-1" />
    </group>
    <group value="Refactorings.QuickListPopupAction" is_action="true" action_type="-1" position="0">
      <path value="root" />
      <path value="Navigation Bar Popup Menu" />
      <path value="Project View Popup Refactoring Group" />
      <path value="Refactor" />
      <option name="myInitialPosition" value="-1" />
    </group>
    <group value="TypeHierarchy" is_action="true" action_type="-1" position="0">
      <path value="root" />
      <path value="Navigation Bar Popup Menu" />
      <path value="Project View Popup Menu Modify Group" />
      <option name="myInitialPosition" value="-1" />
    </group>
    <group value="CompuleQrc" is_action="true" action_type="-1" position="0">
      <path value="root" />
      <path value="Navigation Bar Popup Menu" />
      <path value="Project View Popup Menu Run Group" />
      <option name="myInitialPosition" value="-1" />
    </group>
    <group value="NewElement" is_action="true" action_type="1" position="0">
      <path value="root" />
      <path value="Project View Popup Menu" />
      <path value="New" />
      <option name="myInitialPosition" value="-1" />
    </group>
    <group value="ShowSettings" is_action="true" action_type="1" position="0">
      <path value="root" />
      <path value="Navigation Bar Toolbar" />
      <option name="myInitialPosition" value="-1" />
    </group>
    <group value="RenameElement" is_action="true" action_type="1" position="1">
      <path value="root" />
      <path value="Editor Popup Menu" />
      <path value="Editor Popup Menu Actions (1)" />
      <path value="EditorPopupMenu1.FindRefactor" />
      <option name="myInitialPosition" value="-1" />
    </group>
    <group value="EditorCopy" is_action="true" action_type="1" position="1">
      <path value="root" />
      <path value="Project View Popup Menu" />
      <path value="Cut/Copy/Paste Actions" />
      <option name="myInitialPosition" value="-1" />
    </group>
    <group value="com.jetbrains.python.console.RunPythonOrDebugConsoleAction" is_action="true" action_type="1" position="1">
      <path value="root" />
      <path value="Navigation Bar Toolbar" />
      <path value="Toolbar Run Actions" />
      <option name="myInitialPosition" value="-1" />
    </group>
    <group value="com.jetbrains.python.console.RunPythonOrDebugConsoleAction" is_action="true" action_type="1" position="2">
      <path value="root" />
      <path value="Main Menu" />
      <path value="Run" />
      <option name="myInitialPosition" value="-1" />
    </group>
    <group value="ShowReformatFileDialog" is_action="true" action_type="1" position="2">
      <path value="root" />
      <path value="Editor Popup Menu" />
      <path value="Editor Popup Menu Actions (1)" />
      <path value="EditorPopupMenu1.FindRefactor" />
      <option name="myInitialPosition" value="-1" />
    </group>
    <group value="PyRunFileInConsole" is_action="true" action_type="1" position="2">
      <path value="root" />
      <path value="Editor Tab Popup Menu" />
      <path value="Editor Tab Popup Menu Actions (1)" />
      <option name="myInitialPosition" value="-1" />
    </group>
    <group value="RenameElement" is_action="true" action_type="1" position="2">
      <path value="root" />
      <path value="Project View Popup Menu" />
      <option name="myInitialPosition" value="-1" />
    </group>
    <group value="EditorPaste" is_action="true" action_type="1" position="2">
      <path value="root" />
      <path value="Project View Popup Menu" />
      <path value="Cut/Copy/Paste Actions" />
      <option name="myInitialPosition" value="-1" />
    </group>
    <group value="ExternalJavaDoc" is_action="true" action_type="1" position="7">
      <path value="root" />
      <path value="Editor Popup Menu" />
      <option name="myInitialPosition" value="-1" />
    </group>
    <group value="PyRunFileInConsole" is_action="true" action_type="1" position="10">
      <path value="root" />
      <path value="Project View Popup Menu" />
      <option name="myInitialPosition" value="-1" />
    </group>
    <group value="RenameElement" is_action="true" action_type="1" position="13">
      <path value="root" />
      <path value="Main Menu" />
      <path value="Edit" />
      <option name="myInitialPosition" value="-1" />
    </group>
  </component>
</application>